,latent_vector,label,filename
0,"[-0.37295225, 0.1850611, -0.50020903, -0.92559195, 2.2633052, -0.4655485, 0.7377501, 1.1249914, 1.2935675, -1.157698]",0,../data/subset-copy/eastpac2_goes16_2017_331_1900_060.nc
1,"[2.457572, 0.9184557, -0.4504189, -0.42798728, 0.53819096, -1.0424871, 0.5043957, 0.93855095, -0.68545526, -0.8811586]",0,../data/subset-copy/eastpac2_goes16_2017_331_1900_009.nc
2,"[0.30972397, -2.3977685, 2.3789244, 0.5713955, -0.9502672, 2.0495667, -1.3891854, -1.8292233, 0.5193705, 0.55240613]",3,../data/subset-copy/eastpac2_goes16_2017_331_1900_084.nc
3,"[1.8944263, 0.18949237, 0.6431831, 0.6365563, 0.88670886, 0.6861882, -0.33687025, -0.7253571, -1.1551979, -1.2313652]",3,../data/subset-copy/eastpac2_goes16_2017_331_1900_116.nc
4,"[-0.8249778, 1.2375753, -1.1166339, -0.64325845, -0.64414895, -1.0474895, 0.41852733, 0.69797695, 0.26587448, 0.47596875]",0,../data/subset-copy/eastpac2_goes16_2017_331_1900_203.nc
5,"[2.0879762, -0.53365684, 1.0440656, -0.15935382, 0.8899548, 0.5361897, 0.06826815, -1.0264487, -1.8952209, 0.82045436]",2,../data/subset-copy/eastpac2_goes16_2017_331_1900_103.nc
6,"[0.62050897, -0.74304354, 1.1986265, 0.22642939, -0.66704416, 0.97501755, -0.40817106, -1.4653757, -0.93428504, 1.9029528]",3,../data/subset-copy/eastpac2_goes16_2017_331_1900_063.nc
7,"[-0.05547952, -1.6620251, 2.0232167, 0.56934434, -0.24345374, 2.003683, -1.5719264, -1.3249497, 0.16743578, -0.49205813]",3,../data/subset-copy/eastpac2_goes16_2017_331_1900_062.nc
8,"[-3.1321127, -0.037848115, 0.21701929, 0.43404663, -0.60802925, 1.0523608, -0.8114404, 0.010087043, 0.2926923, 0.5865635]",2,../data/subset-copy/eastpac2_goes16_2017_331_1900_145.nc
9,"[-0.21693556, 0.7390742, 0.040283754, 0.6199579, 0.42183173, 0.49578533, -0.36354905, 0.38996264, -1.0608561, -1.0976648]",3,../data/subset-copy/eastpac2_goes16_2017_331_1900_074.nc
10,"[-0.2792428, 1.437464, -1.0876498, -0.2126736, -1.5905353, -0.94879544, 0.28693345, 0.15132993, -0.39791775, 1.2615489]",0,../data/subset-copy/eastpac2_goes16_2017_331_1900_214.nc
11,"[-0.25743905, 0.42228374, -1.0155452, -0.97963953, 0.10158843, -1.1032015, 1.1393201, 0.4709908, 0.7279345, 1.1210096]",0,../data/subset-copy/eastpac2_goes16_2017_331_1900_019.nc
12,"[-1.2105796, -0.37405485, 1.0176157, 1.157907, -0.99782777, 1.5121051, -1.3274605, 0.072259635, -1.7391595, 0.05780428]",2,../data/subset-copy/eastpac2_goes16_2017_331_1900_243.nc
13,"[-0.10559944, -1.2722518, 1.2364825, -0.44727147, 0.0240345, 0.9403405, -0.11431104, -1.7166076, -0.22218211, 2.509353]",3,../data/subset-copy/eastpac2_goes16_2017_331_1900_082.nc
14,"[0.2122648, -2.413899, 2.1837654, -0.34142596, 1.6063722, 1.9616132, -0.889306, -1.9224808, 1.6500418, -1.5876878]",3,../data/subset-copy/eastpac2_goes16_2017_331_1900_081.nc
15,"[0.89204293, 1.5953349, -0.848976, -0.15806235, -1.0668936, -1.1410367, 0.119440824, 0.88648546, -1.2558217, -0.2560342]",2,../data/subset-copy/eastpac2_goes16_2017_331_1900_199.nc
16,"[-1.2128353, 0.38249248, 0.07128084, 0.44568694, -0.73256576, 0.6847096, -0.23345548, -0.7116737, 0.9640622, 0.2237584]",2,../data/subset-copy/eastpac2_goes16_2017_331_1900_230.nc
17,"[-0.4663364, -2.0055757, 2.4262826, 0.8028031, 0.46312448, 2.5430348, -2.1976194, -0.32682768, -0.7288876, -2.5381925]",3,../data/subset-copy/eastpac2_goes16_2017_331_1900_194.nc
18,"[-0.4972584, 0.56779766, -1.099469, -0.9837434, 0.21773165, -1.2134281, 0.984316, 0.9001925, 0.89768916, 0.38434112]",0,../data/subset-copy/eastpac2_goes16_2017_331_1900_155.nc
19,"[1.1172059, -2.4909053, 2.2534118, -0.68588734, 2.2101088, 1.6609758, -0.5916987, -2.0106554, 1.2627362, -1.5315125]",3,../data/subset-copy/eastpac2_goes16_2017_331_1900_132.nc
20,"[-1.3056862, -0.66195214, 1.2636923, 1.2900109, -1.7195724, 1.7145227, -1.3896449, -0.07939595, -0.41384244, -0.41797355]",3,../data/subset-copy/eastpac2_goes16_2017_331_1900_099.nc
21,"[0.5802981, -1.8632048, 1.5874851, -0.5479055, 1.1733903, 1.1983064, -0.15443063, -1.9693527, 1.8168298, -0.7288846]",3,../data/subset-copy/eastpac2_goes16_2017_331_1900_077.nc
22,"[0.5823396, 0.34888184, 0.042473987, -0.38845316, 1.7232077, 0.3218633, 0.33323503, -0.55851734, 0.56097674, -0.594231]",3,../data/subset-copy/eastpac2_goes16_2017_331_1900_016.nc
23,"[0.25626197, 0.16073439, 0.51858723, 0.7703315, -0.06756276, 0.7987033, -0.24864233, 0.002723664, -1.0703113, -0.850157]",3,../data/subset-copy/eastpac2_goes16_2017_331_1900_106.nc
24,"[2.190222, 0.01156491, -0.2894916, -0.7872895, 1.8303167, -0.6139147, 0.97825223, 0.1315592, 0.41966492, -0.12681615]",3,../data/subset-copy/eastpac2_goes16_2017_331_1900_143.nc
25,"[-1.9014614, 0.34766203, -0.066846184, 0.14268155, -0.355546, 0.45988274, -0.18623614, -0.36751294, -0.051713645, 1.3613069]",2,../data/subset-copy/eastpac2_goes16_2017_331_1900_237.nc
26,"[-1.1573336, 1.0311992, -0.31643644, 0.21409248, 0.40925676, 0.18628247, -0.33216566, 0.590379, -0.7286696, -0.9943719]",2,../data/subset-copy/eastpac2_goes16_2017_331_1900_244.nc
27,"[3.1279526, 0.34362486, 0.4239017, 0.52087486, -0.03202957, 0.08199305, 0.09545854, -1.2116873, -1.2754353, 0.3694198]",2,../data/subset-copy/eastpac2_goes16_2017_331_1900_195.nc
28,"[1.6097777, -0.9149895, 0.32956517, -0.851354, 0.7156743, -0.146954, 1.1406865, -1.0841045, 0.43741822, 1.9191824]",7,../data/subset-copy/eastpac2_goes16_2017_331_1900_051.nc
29,"[0.70752335, 0.35497412, 0.5981078, 1.3683589, -1.9034818, 0.715188, -0.6205184, -0.35386133, -1.8723925, 0.8435029]",2,../data/subset-copy/eastpac2_goes16_2017_331_1900_133.nc
30,"[-0.36356223, 0.13052088, -0.44500113, -0.7067434, 1.5808731, -0.15965143, 0.81514466, 0.27860174, 1.0283719, -0.14431089]",0,../data/subset-copy/eastpac2_goes16_2017_331_1900_003.nc
31,"[3.8759937, -0.32339668, -0.09814131, -0.8032639, 1.7904196, -0.7306013, 1.1328824, -0.61045563, 0.4597308, 0.426908]",2,../data/subset-copy/eastpac2_goes16_2017_331_1900_147.nc
32,"[-0.06351147, -0.9210526, 1.1221507, 0.14805599, -1.3979787, 0.85449755, -0.31522644, -1.7706466, -0.84563625, 3.6746035]",3,../data/subset-copy/eastpac2_goes16_2017_331_1900_057.nc
33,"[-1.2411036, -1.2495805, 1.5226095, 0.3846407, -0.48703492, 1.6337255, -1.28859, -1.0250642, -0.9089192, 1.2982169]",2,../data/subset-copy/eastpac2_goes16_2017_331_1900_196.nc
34,"[0.5209815, -1.052497, 1.7287327, 0.817571, 0.07838446, 1.7176762, -1.3333981, -0.5226626, -1.6282864, -0.9648261]",3,../data/subset-copy/eastpac2_goes16_2017_331_1900_193.nc
35,"[-0.54903287, 0.3922094, -0.312074, -0.5178802, 1.3517003, 0.008366376, 0.608261, 0.15892199, 0.6991352, -0.20608631]",2,../data/subset-copy/eastpac2_goes16_2017_331_1900_142.nc
36,"[0.38157833, 1.1673166, -1.1364173, -0.7515376, -0.4197222, -1.4370866, 0.51490384, 1.335962, 0.074604295, -0.13111594]",0,../data/subset-copy/eastpac2_goes16_2017_331_1900_189.nc
37,"[-2.2067058, -1.966328, 2.1178186, 1.4334564, -1.5088633, 2.5031412, -2.2583048, 0.0056633055, -0.99119365, -0.5169002]",2,../data/subset-copy/eastpac2_goes16_2017_331_1900_226.nc
38,"[2.3693004, -0.0013375282, 1.0896614, 1.0668104, 0.424933, 1.0995299, -0.72755986, -0.68597424, -1.5062586, -2.0729928]",3,../data/subset-copy/eastpac2_goes16_2017_331_1900_209.nc
39,"[-0.2822957, 0.5379243, -0.22415373, -0.38162982, 1.358026, 0.16351336, 0.42614233, -0.044996887, 0.84498245, -0.5697783]",2,../data/subset-copy/eastpac2_goes16_2017_331_1900_076.nc
40,"[-1.2196805, 0.42755312, -0.7457299, -0.9084646, 1.5196927, -0.5764408, 0.67683905, 1.1758337, 1.3597866, -0.89439595]",0,../data/subset-copy/eastpac2_goes16_2017_331_1900_042.nc
41,"[1.2616963, -1.3015233, 1.7921909, 0.34507054, 1.2166659, 1.6057749, -0.8795245, -1.0099652, -0.49189252, -2.2302678]",8,../data/subset-copy/eastpac2_goes16_2017_331_1900_038.nc
42,"[-0.34796342, 1.1930308, -0.36917946, 0.6338998, -1.1095672, -0.02454549, -0.26649684, 0.35206082, -0.9360744, -0.1856243]",2,../data/subset-copy/eastpac2_goes16_2017_331_1900_184.nc
43,"[0.88587016, -0.95159495, 1.3152553, -0.12832104, 1.3232874, 1.1990867, -0.42267585, -1.4132297, -0.099454954, -0.80132985]",2,../data/subset-copy/eastpac2_goes16_2017_331_1900_197.nc
44,"[0.68667877, -2.2375946, 2.5824564, 1.2331042, -1.8276356, 2.1843636, -1.7981253, -1.4277298, -0.58819485, 0.4894872]",3,../data/subset-copy/eastpac2_goes16_2017_331_1900_163.nc
45,"[0.028920695, 0.08121517, 0.56161535, 0.511489, -0.7853296, 0.77970505, -0.22051156, -1.2937843, 0.61182266, 0.58859956]",3,../data/subset-copy/eastpac2_goes16_2017_331_1900_083.nc
46,"[0.2512871, -2.709692, 2.5713363, -0.27853665, 1.6419766, 2.1278632, -1.2949078, -1.0231441, 0.02567558, -1.7469181]",3,../data/subset-copy/eastpac2_goes16_2017_331_1900_117.nc
47,"[0.9797513, -1.8500961, 1.9241214, -0.60906506, 2.937787, 1.589872, -0.8266576, -1.2605253, 0.26916343, -2.2832499]",3,../data/subset-copy/eastpac2_goes16_2017_331_1900_097.nc
48,"[0.8269127, -1.5916497, 1.57279, -0.54542834, 1.1280047, 1.1332667, -0.25449306, -1.5454512, 0.43105865, 0.12854823]",3,../data/subset-copy/eastpac2_goes16_2017_331_1900_101.nc
49,"[2.010425, 0.48314774, 0.28917024, 0.63569295, -0.44017684, 0.29154372, -0.073419034, -1.0227138, -0.9610772, 0.31264836]",3,../data/subset-copy/eastpac2_goes16_2017_331_1900_107.nc
50,"[-0.8124758, 0.9587946, -0.33818048, 0.31380022, -0.121341825, 0.057724178, -0.20762956, 0.40563092, -0.93229973, -0.27086946]",2,../data/subset-copy/eastpac2_goes16_2017_331_1900_124.nc
51,"[-0.3788718, -0.5528139, 1.3661517, 1.5208489, -0.24526548, 1.8836268, -1.5807352, 0.27496305, -1.2470465, -2.6264572]",2,../data/subset-copy/eastpac2_goes16_2017_331_1900_119.nc
52,"[0.888521, -0.5691469, -0.15098637, -0.9377455, 1.4947835, -0.34192994, 1.3381081, -0.45590964, 1.1770453, 0.8092426]",3,../data/subset-copy/eastpac2_goes16_2017_331_1900_127.nc
53,"[-1.2331226, -1.4196198, 1.8875134, 0.9580223, -0.041810215, 2.261137, -1.9673934, -0.09836733, -0.83542717, -1.7716923]",3,../data/subset-copy/eastpac2_goes16_2017_331_1900_098.nc
54,"[-0.52045995, 0.89369655, -1.1101629, -0.8681829, 0.038154602, -1.2340504, 0.5910382, 1.1521099, 0.41312557, 0.06174504]",0,../data/subset-copy/eastpac2_goes16_2017_331_1900_176.nc
55,"[-0.055578418, 0.758788, -1.1726601, -0.96041006, -0.03910601, -1.4293855, 0.8736634, 1.0912414, 0.6386352, 0.32892635]",0,../data/subset-copy/eastpac2_goes16_2017_331_1900_138.nc
56,"[-0.7547663, -0.9507791, 1.4166273, 0.6703495, 0.89596266, 1.8524572, -1.3373928, -0.19226481, 0.026086837, -2.901078]",4,../data/subset-copy/eastpac2_goes16_2017_331_1900_047.nc
57,"[0.60879654, 0.4644826, -0.21773317, -0.38288963, 0.7440126, -0.095251024, 0.6936283, -0.53321075, 0.11639943, 0.7237958]",2,../data/subset-copy/eastpac2_goes16_2017_331_1900_090.nc
58,"[-1.265965, -0.044235826, 0.8078135, 1.8293514, -1.8783456, 1.4757371, -1.3855188, 0.6192864, -0.75114685, -1.6700472]",2,../data/subset-copy/eastpac2_goes16_2017_331_1900_229.nc
59,"[-1.9177077, -1.2591082, 0.5357653, -0.9628462, 2.3163211, 0.7776983, 0.5645234, -0.18595758, 2.2378142, -1.5499142]",2,../data/subset-copy/eastpac2_goes16_2017_331_1900_235.nc
60,"[0.8598447, -1.8647348, 0.7737075, -1.1039896, 0.95031166, 0.05296457, 0.9444808, -1.0572448, 0.5762032, 2.513688]",2,../data/subset-copy/eastpac2_goes16_2017_331_1900_215.nc
61,"[-0.512946, -0.97226834, 1.350192, 0.85290045, -0.88374066, 1.4707556, -0.9109785, -0.5143664, -1.0758425, 0.21354492]",8,../data/subset-copy/eastpac2_goes16_2017_331_1900_023.nc
62,"[-2.1169205, 0.06718767, -0.050124712, -0.06890236, -0.13642502, 0.5019948, 0.13103047, -0.4624191, 0.5766359, 1.5262161]",3,../data/subset-copy/eastpac2_goes16_2017_331_1900_066.nc
63,"[0.31644827, 1.1488794, -1.1128267, -0.6614856, -0.69652224, -1.2778323, 0.6254225, 0.7751993, 0.17356549, 0.45023993]",0,../data/subset-copy/eastpac2_goes16_2017_331_1900_018.nc
64,"[0.20956755, 0.7282301, -0.35548165, -0.37489223, 1.2443138, -0.26962844, 0.20708328, 0.71132445, -0.7221814, -0.7895117]",0,../data/subset-copy/eastpac2_goes16_2017_331_1900_175.nc
65,"[0.9674222, -1.0591457, 1.6725732, 0.8674796, 0.23664343, 1.7840939, -1.1823988, -0.9687761, 0.5467592, -2.7396924]",3,../data/subset-copy/eastpac2_goes16_2017_331_1900_102.nc
66,"[1.908906, -1.107172, -0.18738472, -1.1586621, 1.5274549, -0.7127571, 1.6130135, -0.5525206, 1.4757361, 1.042286]",0,../data/subset-copy/eastpac2_goes16_2017_331_1900_192.nc
67,"[1.1018198, 0.52922356, -0.50753796, -0.42263758, 0.12352866, -0.47008398, 0.8464272, -0.8768718, -0.1246319, 1.9011624]",2,../data/subset-copy/eastpac2_goes16_2017_331_1900_238.nc
68,"[-4.347446, -0.96388316, 0.81501627, 0.33291596, 0.4942949, 1.8606807, -1.3016896, 0.31328037, 0.5216947, -0.990453]",2,../data/subset-copy/eastpac2_goes16_2017_331_1900_131.nc
69,"[-2.700402, -0.65422857, 0.5754311, -0.06858076, 1.144976, 1.4032086, -0.4764064, -0.4510976, 2.21287, -1.9630991]",3,../data/subset-copy/eastpac2_goes16_2017_331_1900_096.nc
70,"[0.7793604, -0.016780019, -0.68319714, -0.9691572, 0.90429515, -0.895349, 1.4285989, 0.04628429, 0.7494717, 1.2227483]",0,../data/subset-copy/eastpac2_goes16_2017_331_1900_020.nc
71,"[-0.21117267, 0.5326162, -0.5005237, -0.59097624, 1.232385, -0.25212422, 0.6257828, 0.062022835, 0.95746493, -0.1293678]",2,../data/subset-copy/eastpac2_goes16_2017_331_1900_122.nc
72,"[0.32587513, -1.3356426, 1.9220638, 1.2438238, -1.8377491, 1.830246, -1.5081894, -0.74801177, -0.58021575, -0.2674648]",3,../data/subset-copy/eastpac2_goes16_2017_331_1900_114.nc
73,"[0.6438161, 0.73892725, -1.2083085, -0.98690724, -0.21148574, -1.6452335, 1.0207427, 1.1811664, 0.48912555, 0.36953747]",0,../data/subset-copy/eastpac2_goes16_2017_331_1900_245.nc
74,"[0.67187953, -1.0343825, 1.3175411, 0.1930743, -0.750239, 0.9730631, -0.32362378, -1.5451888, -1.1128719, 2.1891446]",3,../data/subset-copy/eastpac2_goes16_2017_331_1900_104.nc
75,"[0.6225543, -2.6272616, 2.6748264, 0.2975847, 0.42633295, 2.3201761, -1.5051556, -1.7605417, 0.5670114, -1.1163063]",3,../data/subset-copy/eastpac2_goes16_2017_331_1900_054.nc
76,"[1.1154003, 0.6836051, -0.8941014, -0.7616477, 0.25069845, -1.1701546, 0.8994029, 0.7438128, 0.28518134, 0.25951746]",0,../data/subset-copy/eastpac2_goes16_2017_331_1900_185.nc
77,"[2.0359535, -0.7803097, -0.029521585, -0.9216488, 0.91853255, -0.51407087, 1.3944749, -0.9577429, 0.90475994, 1.3408966]",3,../data/subset-copy/eastpac2_goes16_2017_331_1900_006.nc
78,"[0.10197234, -1.4087384, 1.7954115, 0.7643526, 0.77127653, 2.0196884, -1.3829756, -0.76537, 1.0771933, -3.402447]",4,../data/subset-copy/eastpac2_goes16_2017_331_1900_029.nc
79,"[0.2965947, -0.23297739, 0.43046454, -0.35539854, 0.54209137, 0.40408063, 0.42374808, -0.8680706, 0.029994383, 0.794423]",2,../data/subset-copy/eastpac2_goes16_2017_331_1900_089.nc
80,"[1.1220334, 1.3475345, -0.3291178, 0.41835457, -0.6798537, -0.48297927, -0.13688624, 0.49464515, -1.8613702, -0.45827577]",2,../data/subset-copy/eastpac2_goes16_2017_331_1900_130.nc
81,"[-0.87784654, 0.6495248, -0.5520468, -0.31384683, -0.39070475, -0.14670989, 0.61150634, -0.6640847, 0.2229232, 1.7927995]",2,../data/subset-copy/eastpac2_goes16_2017_331_1900_144.nc
82,"[-0.14451957, -1.6960384, 1.5326041, -0.61081654, 0.7451117, 1.1318076, -0.1858601, -1.57324, 0.6287143, 0.76983345]",3,../data/subset-copy/eastpac2_goes16_2017_331_1900_022.nc
83,"[-0.09879546, 0.92477715, -0.88019574, -0.75723326, 0.29274088, -1.0033271, 0.5497832, 1.0619489, 0.36807358, -0.2878945]",0,../data/subset-copy/eastpac2_goes16_2017_331_1900_139.nc
84,"[-0.24972528, 0.49648494, -0.89199257, -0.9117664, 0.61580336, -0.98218644, 0.87755275, 0.7759532, 0.7788795, 0.22277573]",7,../data/subset-copy/eastpac2_goes16_2017_331_1900_035.nc
85,"[-1.7242758, 1.0209272, -0.46918407, 0.03250566, 0.28728557, 0.051993757, -0.29675525, 0.47550425, -0.44158036, -0.523963]",2,../data/subset-copy/eastpac2_goes16_2017_331_1900_146.nc
86,"[-0.23737618, -1.0748907, 1.8476601, 1.5376263, 0.14010924, 2.2687137, -2.0274372, 0.5718814, -1.0016063, -4.245963]",3,../data/subset-copy/eastpac2_goes16_2017_331_1900_073.nc
87,"[-0.83699256, 0.5302698, -1.0679891, -1.0135576, 0.38263613, -1.1530241, 0.96729857, 1.0290322, 1.0702766, 0.15723649]",0,../data/subset-copy/eastpac2_goes16_2017_331_1900_173.nc
88,"[-0.9284261, 0.7414418, -0.7130002, -0.62933624, 0.5170684, -0.54043484, 0.49973905, 0.5795016, 0.66055644, -0.109740704]",2,../data/subset-copy/eastpac2_goes16_2017_331_1900_110.nc
89,"[-3.0699663, 0.2536692, -0.117246896, -0.0037852079, -0.46111727, 0.56988776, -0.24713272, -0.17878631, 0.47372627, 1.1569206]",2,../data/subset-copy/eastpac2_goes16_2017_331_1900_220.nc
90,"[0.8902325, -1.7831553, 1.8558118, -0.41014686, 1.501862, 1.4221675, -0.6738617, -1.4038913, -0.36613858, -0.31369978]",2,../data/subset-copy/eastpac2_goes16_2017_331_1900_180.nc
91,"[-1.3250442, 0.786754, 0.061016455, 1.1856943, -0.80184364, 0.6746539, -1.068018, 1.0046786, -2.031623, -1.3807583]",2,../data/subset-copy/eastpac2_goes16_2017_331_1900_232.nc
92,"[-2.0393453, -0.6326237, 1.0472233, 1.0411702, -0.18666458, 1.7713119, -1.5043173, 0.28163126, -0.83157855, -1.2844504]",3,../data/subset-copy/eastpac2_goes16_2017_331_1900_088.nc
93,"[0.11281872, -2.4369378, 2.6084287, 0.6005767, 0.44104025, 2.5141935, -1.894306, -1.4004569, 0.760146, -2.007528]",3,../data/subset-copy/eastpac2_goes16_2017_331_1900_113.nc
94,"[-0.736389, 0.65649056, -1.0926323, -0.93160737, 0.032875597, -1.1462717, 0.90446186, 0.8208631, 0.7650926, 0.5121845]",0,../data/subset-copy/eastpac2_goes16_2017_331_1900_191.nc
95,"[-0.021943063, -0.25283366, -0.07598872, -0.6449728, 1.1059265, -0.061180055, 0.7586056, -0.18391225, 0.70439, 0.543272]",2,../data/subset-copy/eastpac2_goes16_2017_331_1900_183.nc
96,"[1.3489838, -1.6737121, 1.0141428, -0.962721, 1.6368923, 0.36804, 0.523726, -1.4423444, 1.6177167, -0.31797057]",2,../data/subset-copy/eastpac2_goes16_2017_331_1900_246.nc
97,"[0.4326024, 1.400935, -0.20669073, 0.8298722, -0.48267686, -0.14829937, -0.6389038, 1.490208, -2.6929958, -1.9501437]",3,../data/subset-copy/eastpac2_goes16_2017_331_1900_028.nc
98,"[-0.72703266, -0.42106587, 0.23967046, -0.6356014, 1.037485, 0.34181643, 0.7260102, -0.6824409, 0.9034578, 0.49055985]",3,../data/subset-copy/eastpac2_goes16_2017_331_1900_059.nc
99,"[2.460791, 0.14879307, 0.8032285, 0.46482265, 1.0441041, 0.57535803, -0.118130445, -0.61901593, -1.8640538, -1.1825705]",3,../data/subset-copy/eastpac2_goes16_2017_331_1900_164.nc
100,"[-0.8732459, 1.1216954, -0.701808, -0.50889426, 0.78782034, -0.52797234, -0.057153285, 1.1502306, -0.055424884, -0.9510299]",3,../data/subset-copy/eastpac2_goes16_2017_331_1900_068.nc
101,"[-1.4560075, -0.932237, 0.3680885, -0.7398452, 0.6110242, 0.39325967, 0.65587884, -0.42022637, 0.53458315, 1.8446217]",4,../data/subset-copy/eastpac2_goes16_2017_331_1900_034.nc
102,"[-2.2106602, -1.0021487, 0.8788645, -0.462797, 1.5146407, 1.2725204, -0.2952553, -0.58164555, 0.83286047, -0.5493089]",8,../data/subset-copy/eastpac2_goes16_2017_331_1900_007.nc
103,"[0.32669696, -2.579359, 2.8567343, 1.0262425, 0.43948016, 2.7503738, -2.319537, -0.58489907, 0.15029886, -3.842915]",3,../data/subset-copy/eastpac2_goes16_2017_331_1900_134.nc
104,"[0.8689584, -0.76512516, 1.0826793, -0.33562464, 1.2981303, 1.0007317, -0.084685266, -1.6535305, 0.9978223, -0.852203]",4,../data/subset-copy/eastpac2_goes16_2017_331_1900_014.nc
105,"[0.5296692, 0.98772705, -0.9588059, -0.7051209, -0.16481847, -1.1695582, 0.63982713, 0.889598, 0.059802637, 0.17860118]",0,../data/subset-copy/eastpac2_goes16_2017_331_1900_141.nc
106,"[0.47832775, -2.6611428, 2.531474, -0.08120671, -0.35222268, 1.923497, -1.245878, -2.2982872, 0.23942076, 1.6408556]",4,../data/subset-copy/eastpac2_goes16_2017_331_1900_056.nc
107,"[0.27368507, 0.07594594, 0.37846252, -0.15909493, 0.63416326, 0.538945, 0.30242518, -1.1986125, 0.5425842, 0.057361133]",4,../data/subset-copy/eastpac2_goes16_2017_331_1900_032.nc
108,"[-1.608541, 0.17244741, 0.3152853, 0.28335208, 0.91108114, 1.0902478, -0.6178954, -0.088692635, -0.022829086, -1.119261]",2,../data/subset-copy/eastpac2_goes16_2017_331_1900_213.nc
109,"[-0.5793493, 0.36863017, 0.21974647, 0.29462236, 1.5227814, 0.89814174, -0.48930585, 0.028342843, -0.17522036, -1.8802205]",3,../data/subset-copy/eastpac2_goes16_2017_331_1900_128.nc
110,"[0.85412884, 0.49583197, -0.45739585, -0.57724905, 0.4965222, -0.5050726, 0.78360975, -0.42948824, -0.0006815493, 1.3249874]",7,../data/subset-copy/eastpac2_goes16_2017_331_1900_065.nc
111,"[0.16943994, 0.52182496, -0.5833293, -0.74545765, 0.70717555, -0.6277847, 0.73710465, 0.34032992, 0.26767948, 0.4712261]",0,../data/subset-copy/eastpac2_goes16_2017_331_1900_201.nc
112,"[-0.7872376, 0.41510856, -0.6137827, -0.8247242, 1.6122714, -0.46929166, 0.6436514, 1.0457135, 1.1828363, -0.9815626]",0,../data/subset-copy/eastpac2_goes16_2017_331_1900_017.nc
113,"[-0.94574, 0.140742, 0.5118623, 0.13010277, 1.2493838, 1.13352, -0.52855563, -0.46038872, 0.3061084, -1.603203]",3,../data/subset-copy/eastpac2_goes16_2017_331_1900_027.nc
114,"[0.26239657, -0.14685893, 1.0594621, 1.3514841, -2.0993223, 1.1683158, -0.99015456, -0.48126528, -1.4653063, 0.614889]",2,../data/subset-copy/eastpac2_goes16_2017_331_1900_212.nc
115,"[1.3344297, 0.48073542, 0.095068246, -0.05585052, 1.2681115, 0.09487605, 0.37436986, -0.34088582, -0.6347366, -0.52376103]",3,../data/subset-copy/eastpac2_goes16_2017_331_1900_112.nc
116,"[0.07591288, 0.7396255, -0.517401, -0.5221495, 0.5885634, -0.47101226, 0.54267025, 0.28430977, 0.34217975, 0.0040132254]",2,../data/subset-copy/eastpac2_goes16_2017_331_1900_092.nc
117,"[-1.5256705, 0.8044244, -0.55019057, -0.44988823, 0.72684175, -0.12539104, 0.29645494, 0.45491782, 0.6331342, -0.3605729]",3,../data/subset-copy/eastpac2_goes16_2017_331_1900_159.nc
118,"[-1.2924001, -1.6878177, 1.7381619, 0.86745936, -1.2271212, 1.9342048, -1.3194122, -1.0717018, 1.326531, -0.60853493]",3,../data/subset-copy/eastpac2_goes16_2017_331_1900_255.nc
119,"[0.35475275, 0.77150524, -0.04474722, 0.3159622, 0.6941363, 0.19696744, -0.06289762, 0.37087247, -1.2746427, -0.8920852]",2,../data/subset-copy/eastpac2_goes16_2017_331_1900_167.nc
120,"[1.1172175, -0.9416467, 1.5484412, 0.3495342, 1.8224804, 1.6316141, -1.0530672, -1.039325, -0.51435196, -2.5385]",3,../data/subset-copy/eastpac2_goes16_2017_331_1900_039.nc
121,"[0.4928413, 1.2109559, -0.65073097, -0.37411118, 0.33396366, -0.82052624, -0.018101066, 1.1224638, -1.0651909, -0.7266309]",0,../data/subset-copy/eastpac2_goes16_2017_331_1900_140.nc
122,"[0.828401, 0.29892707, -0.86154985, -0.9349953, 0.286188, -1.1405942, 1.2517755, 0.23808572, 0.53147507, 1.3355263]",0,../data/subset-copy/eastpac2_goes16_2017_331_1900_221.nc
123,"[0.45637178, -1.125115, 1.4358635, 0.3149618, -0.025847971, 1.3709533, -0.7122312, -1.517686, 0.40050268, -0.2107347]",3,../data/subset-copy/eastpac2_goes16_2017_331_1900_149.nc
124,"[-0.5500009, 1.1001186, -0.99146783, -0.7563986, 0.3681386, -1.1053033, 0.24688186, 1.5556753, 0.41290122, -0.7708279]",0,../data/subset-copy/eastpac2_goes16_2017_331_1900_025.nc
125,"[-0.9904448, 0.5150636, 0.0036827326, 0.87943214, -1.3919488, 0.53079414, -0.23905945, -0.12176219, 0.35337412, 0.4709453]",3,../data/subset-copy/eastpac2_goes16_2017_331_1900_010.nc
126,"[1.4388626, 0.40475988, 0.49124417, 0.574957, 0.5844663, 0.5891746, -0.21312827, -0.4612672, -1.5801971, -0.85475934]",2,../data/subset-copy/eastpac2_goes16_2017_331_1900_181.nc
127,"[0.4486028, -1.3951354, 2.0117915, 1.2359076, -0.006275952, 2.0474522, -1.6795027, -0.4537099, -1.0808957, -2.2348878]",3,../data/subset-copy/eastpac2_goes16_2017_331_1900_148.nc
128,"[0.13026017, 1.0391128, -0.18550682, 0.22383554, 1.0420179, -0.060596406, -0.39544332, 1.3801206, -2.1610694, -2.1506991]",3,../data/subset-copy/eastpac2_goes16_2017_331_1900_069.nc
129,"[-0.37408483, 0.53700304, 0.09397876, 0.35370392, 1.6291869, 0.6110172, -0.39456815, 0.6563698, -1.646246, -1.6733711]",3,../data/subset-copy/eastpac2_goes16_2017_331_1900_071.nc
130,"[0.12642151, 0.85592926, -1.1850299, -0.9034143, -0.24800038, -1.450932, 0.8441346, 1.0666046, 0.51376563, 0.31493688]",0,../data/subset-copy/eastpac2_goes16_2017_331_1900_171.nc
131,"[1.8383679, 0.5047053, -0.7542337, -0.7934656, 0.20499861, -1.2431428, 1.0871589, 0.32942602, 0.08114311, 0.9530251]",0,../data/subset-copy/eastpac2_goes16_2017_331_1900_172.nc
132,"[0.22620708, 0.611194, -0.72432053, -0.5342203, 0.119157314, -0.5630337, 0.8063466, -0.37516516, 0.26769894, 1.4752902]",0,../data/subset-copy/eastpac2_goes16_2017_331_1900_205.nc
133,"[-0.8404079, -0.89491236, 1.4131722, 0.72466856, -0.33299243, 1.699637, -1.1829686, -0.40069294, -0.87433565, -0.30303386]",4,../data/subset-copy/eastpac2_goes16_2017_331_1900_015.nc
134,"[-1.1879373, 0.5419926, 0.19231337, 1.2802153, -2.172575, 0.732816, -0.7021771, 0.24476698, -0.32707655, -0.16187173]",2,../data/subset-copy/eastpac2_goes16_2017_331_1900_169.nc
135,"[-0.29996768, 0.65699106, -1.2835766, -1.0787519, -0.15746433, -1.5765787, 1.0595193, 1.1942408, 0.8526784, 0.44560665]",0,../data/subset-copy/eastpac2_goes16_2017_331_1900_234.nc
136,"[0.8495418, 0.6768228, -0.6451236, -0.6225983, 0.4314935, -0.7471236, 0.744972, 0.22529307, 0.06650205, 0.59651446]",2,../data/subset-copy/eastpac2_goes16_2017_331_1900_075.nc
137,"[1.2992005, -1.5577124, 1.5219951, -0.53046316, 1.6076317, 1.1626372, -0.01708147, -2.1990306, 1.800477, -1.2023959]",3,../data/subset-copy/eastpac2_goes16_2017_331_1900_044.nc
138,"[-0.42079583, -0.5619198, 0.32642403, -0.5508701, 0.24707198, 0.28546217, 0.6540415, -1.2702932, 0.14685212, 2.5155737]",4,../data/subset-copy/eastpac2_goes16_2017_331_1900_033.nc
139,"[-1.3283067, -0.6673713, 0.28179076, -0.7287308, 1.0043718, 0.46406904, 0.62011266, -0.69554275, 0.89358795, 1.1544868]",3,../data/subset-copy/eastpac2_goes16_2017_331_1900_108.nc
140,"[1.5754554, -0.31664753, 0.051452577, -0.64294493, 0.8833079, -0.20300978, 0.9161432, -0.8275821, 0.36844566, 1.0048753]",2,../data/subset-copy/eastpac2_goes16_2017_331_1900_182.nc
141,"[-1.1487911, 0.5676616, -0.33441958, -0.166882, 0.116983354, 0.12950829, 0.47740936, -0.30642167, 0.6723785, 0.11944833]",2,../data/subset-copy/eastpac2_goes16_2017_331_1900_126.nc
142,"[0.8878581, -0.9173223, 1.4902129, 0.67369735, -0.13602763, 1.3920857, -0.92408854, -0.88748264, -0.6993423, -1.011654]",3,../data/subset-copy/eastpac2_goes16_2017_331_1900_151.nc
143,"[0.17860183, 0.96742415, -1.1062607, -0.8102987, -0.44759476, -1.3316088, 0.7307986, 0.87628746, 0.26216727, 0.39159936]",0,../data/subset-copy/eastpac2_goes16_2017_331_1900_156.nc
144,"[1.3461981, -0.08875638, 0.85841656, 0.36186224, 0.7567568, 0.9248649, -0.33210903, -1.092131, -0.024139509, -1.2928478]",2,../data/subset-copy/eastpac2_goes16_2017_331_1900_211.nc
145,"[2.499373, -0.3759058, -0.12851633, -0.7647703, 1.056019, -0.5363277, 1.1799481, -1.0166851, 0.4804405, 1.2749732]",2,../data/subset-copy/eastpac2_goes16_2017_331_1900_162.nc
146,"[1.5068784, -2.2264729, 2.6941838, 1.1790527, -0.20376289, 2.4118629, -1.9423263, -1.0942857, 0.52375585, -3.2969809]",3,../data/subset-copy/eastpac2_goes16_2017_331_1900_061.nc
147,"[0.047306582, 0.7731029, -1.3312999, -1.0419934, -0.41915202, -1.6941525, 1.0199702, 1.2259146, 0.62281686, 0.53717923]",0,../data/subset-copy/eastpac2_goes16_2017_331_1900_200.nc
148,"[-1.6499774, -0.961828, 1.4570191, 1.1211429, -0.567507, 2.0209148, -1.7313421, 0.03518796, -0.8803592, -0.9452268]",3,../data/subset-copy/eastpac2_goes16_2017_331_1900_165.nc
149,"[-1.5046251, 0.8075218, -0.46059728, -0.4848879, 1.5569973, 0.051691443, 0.055839837, 0.75809026, 0.45910233, -1.0696898]",3,../data/subset-copy/eastpac2_goes16_2017_331_1900_091.nc
150,"[-1.9243755, -2.2341337, 2.116023, 0.5183175, -0.23521113, 2.3982606, -1.6694887, -0.97039163, 1.2621524, -1.0492263]",2,../data/subset-copy/eastpac2_goes16_2017_331_1900_225.nc
151,"[-0.43858427, 0.8148401, -0.15110715, 0.5361164, -0.52842414, 0.21602699, -0.11723518, 0.07721242, -0.5840009, -0.09463063]",7,../data/subset-copy/eastpac2_goes16_2017_331_1900_049.nc
152,"[-3.465354, -1.1569314, 1.2470107, 0.91703457, -0.9340664, 2.1836436, -1.6255453, -0.07494077, 2.070639, -1.9808816]",3,../data/subset-copy/eastpac2_goes16_2017_331_1900_085.nc
153,"[0.8934607, -1.3306307, 1.771783, 0.37069422, 0.77176017, 1.5068393, -0.95445496, -0.83919096, -2.3834164, -0.14632186]",2,../data/subset-copy/eastpac2_goes16_2017_331_1900_118.nc
154,"[-0.41491938, 0.84524286, -0.11586806, 0.29245234, 0.58042693, 0.32644582, -0.18725199, 0.5510309, -0.69460696, -1.5226059]",3,../data/subset-copy/eastpac2_goes16_2017_331_1900_094.nc
155,"[1.7387595, -2.201425, 2.6675067, 1.0049659, -0.61757874, 2.11779, -1.6706631, -1.3108624, -1.5022887, -0.7178147]",4,../data/subset-copy/eastpac2_goes16_2017_331_1900_046.nc
156,"[1.6011426, 1.3200672, -0.41344962, 0.15759315, -0.547364, -0.63854873, 0.18179199, 0.34970757, -1.5303712, -0.37476245]",2,../data/subset-copy/eastpac2_goes16_2017_331_1900_121.nc
157,"[-0.14838852, -1.799996, 2.1369965, 0.73446107, -1.0387132, 2.045027, -1.5899167, -1.3948051, 0.23377079, 0.04417628]",3,../data/subset-copy/eastpac2_goes16_2017_331_1900_150.nc
158,"[-0.730916, 0.7444599, -0.9128479, -0.8429092, 0.6832006, -0.89309406, 0.60071343, 1.0961845, 0.7816064, -0.43501434]",0,../data/subset-copy/eastpac2_goes16_2017_331_1900_218.nc
159,"[0.71511346, -0.9813489, 0.57034683, -0.7758248, 1.1774815, 0.19519998, 0.7396194, -0.95696735, 0.74682254, 0.9452511]",3,../data/subset-copy/eastpac2_goes16_2017_331_1900_037.nc
160,"[0.40334547, -0.6673521, 1.3034047, 0.64215803, -0.47622097, 1.3061252, -0.85906214, -1.0497454, -1.2741672, 0.6059921]",4,../data/subset-copy/eastpac2_goes16_2017_331_1900_048.nc
161,"[-1.1529613, 0.94124687, -0.5321591, -0.34594488, 0.63983923, -0.090387225, 0.04726121, 0.29715434, 0.15795209, -0.14226195]",3,../data/subset-copy/eastpac2_goes16_2017_331_1900_067.nc
162,"[-0.10465403, 1.2413418, -1.1389898, -0.33728766, -1.5863808, -0.9806329, 0.5592351, -0.18368727, -0.3304401, 2.0499244]",0,../data/subset-copy/eastpac2_goes16_2017_331_1900_217.nc
163,"[-0.24335685, 0.026502013, -0.5477391, -0.6884404, 0.37358084, -0.36604366, 1.1162255, -0.5646908, 0.52108234, 1.8380927]",3,../data/subset-copy/eastpac2_goes16_2017_331_1900_158.nc
164,"[-0.14729369, 1.4188066, -0.73931766, -0.051038533, -0.72168386, -0.5533496, 0.023199886, 0.33324936, -0.49701935, 0.24296354]",2,../data/subset-copy/eastpac2_goes16_2017_331_1900_152.nc
165,"[3.2380693, 0.18589514, 0.6885954, 0.46547836, 1.1663785, 0.29119238, 0.013500363, -0.6452294, -2.121926, -1.233]",3,../data/subset-copy/eastpac2_goes16_2017_331_1900_115.nc
166,"[2.054557, -0.72364104, 0.17176229, -0.8031925, 1.5276703, -0.25059363, 0.9367589, -0.41289756, 0.94474596, 0.17864081]",2,../data/subset-copy/eastpac2_goes16_2017_331_1900_161.nc
167,"[0.9288865, 0.85461986, -0.9386991, -0.7726905, -0.10459322, -1.2825553, 0.75448203, 0.9162539, -0.05547087, 0.30369925]",0,../data/subset-copy/eastpac2_goes16_2017_331_1900_233.nc
168,"[2.7196765, -1.2962824, 1.5682898, -0.40935114, 1.0610807, 0.83207417, -0.18798774, -2.1871586, -0.3275864, 0.55097085]",3,../data/subset-copy/eastpac2_goes16_2017_331_1900_177.nc
169,"[0.20755649, 1.1584594, -0.38635635, 0.05110684, -0.06740439, -0.19417155, 0.057632, 0.08732948, -0.64916867, -0.20006862]",2,../data/subset-copy/eastpac2_goes16_2017_331_1900_109.nc
170,"[-2.0152626, 0.3691674, 0.21471927, 1.0445447, -1.2168332, 1.064726, -0.6997289, 0.099728405, 1.167629, -1.219253]",3,../data/subset-copy/eastpac2_goes16_2017_331_1900_001.nc
171,"[-2.1801357, 1.0013067, -0.6731862, -0.19580057, 0.04630506, -0.15638968, -0.025807142, 0.55858874, 0.4330377, -0.37747255]",0,../data/subset-copy/eastpac2_goes16_2017_331_1900_249.nc
172,"[2.664514, -0.5331557, 0.18238416, -0.74486125, 1.7089713, -0.30583486, 0.9319313, -0.62953013, 0.7887228, 0.090895355]",3,../data/subset-copy/eastpac2_goes16_2017_331_1900_080.nc
173,"[1.5902369, -0.1550209, 0.5695499, -0.15807983, 0.7953788, 0.40783715, 0.2535561, -1.0890782, 0.38311005, -0.4624171]",3,../data/subset-copy/eastpac2_goes16_2017_331_1900_123.nc
174,"[0.20614076, -1.2407998, 1.6445016, 0.18388738, -0.06855154, 1.4733894, -1.0097122, -1.6075463, -0.49745327, 0.9124421]",2,../data/subset-copy/eastpac2_goes16_2017_331_1900_227.nc
175,"[-3.4099023, -1.3436528, 1.3760192, 0.88568276, -0.7781391, 2.2019422, -1.7247901, -0.01751104, 0.8960024, -0.9474225]",2,../data/subset-copy/eastpac2_goes16_2017_331_1900_251.nc
176,"[-0.35421973, 1.2512882, -0.81283545, -0.49684262, 0.024106205, -0.7909236, 0.16970986, 0.9571148, 0.04741913, -0.5830345]",2,../data/subset-copy/eastpac2_goes16_2017_331_1900_208.nc
177,"[0.09503941, 0.8851843, 0.19088244, 1.1157283, -0.77533627, 0.45677033, -0.8376567, 0.38182, -2.6162913, -0.24204242]",2,../data/subset-copy/eastpac2_goes16_2017_331_1900_120.nc
178,"[1.6373446, 1.1746979, -0.87519, -0.5983971, -0.19969177, -1.4197931, 0.41847387, 1.269269, -0.74424756, -0.45581576]",0,../data/subset-copy/eastpac2_goes16_2017_331_1900_174.nc
179,"[0.98125905, -1.2456511, 1.9722161, 1.3111749, 0.538463, 2.1575987, -1.8679101, -0.26387095, -0.39599425, -4.148414]",3,../data/subset-copy/eastpac2_goes16_2017_331_1900_064.nc
180,"[0.10851188, -0.8877289, 1.3562835, 0.79007894, -1.0736022, 1.3226764, -0.9673585, -1.0351422, -1.1472977, 1.027704]",8,../data/subset-copy/eastpac2_goes16_2017_331_1900_053.nc
181,"[0.4088031, -2.4487662, 2.1385627, 0.011194125, -1.1248311, 1.627371, -0.7430983, -2.671334, 1.3898386, 1.9104866]",2,../data/subset-copy/eastpac2_goes16_2017_331_1900_216.nc
182,"[0.10532716, -0.38380122, 1.1397171, 0.70873004, 1.5295746, 1.5088549, -1.0646207, 0.18663123, -2.076528, -2.5312204]",3,../data/subset-copy/eastpac2_goes16_2017_331_1900_072.nc
183,"[1.0303028, -2.4113579, 2.7221284, 1.0575888, -1.7202865, 2.156252, -1.7442477, -1.570943, -1.1630981, 0.9881333]",2,../data/subset-copy/eastpac2_goes16_2017_331_1900_241.nc
184,"[-0.5713791, 0.9843142, -0.89469385, -0.33754897, -0.7436135, -0.5423397, 0.54353565, -0.39578953, 0.08898676, 1.5475755]",2,../data/subset-copy/eastpac2_goes16_2017_331_1900_137.nc
185,"[-1.4566579, -1.8922921, 1.97581, 0.8957992, -1.8234063, 1.9708245, -1.549087, -0.7739453, -0.42214942, 1.0344082]",2,../data/subset-copy/eastpac2_goes16_2017_331_1900_135.nc
186,"[-1.4414756, 0.2266103, 0.07443711, -0.018939108, -0.042655885, 0.6147419, 0.07164788, -0.43586212, 0.878856, -0.100547016]",2,../data/subset-copy/eastpac2_goes16_2017_331_1900_125.nc
187,"[-0.3719922, 0.4945124, 0.16354287, 1.1282104, -1.1865532, 0.58194035, -0.41969746, 0.34357074, -0.9813632, -0.21085069]",3,../data/subset-copy/eastpac2_goes16_2017_331_1900_079.nc
188,"[0.9978489, -0.36548817, 0.21491331, -0.54387283, 0.5375339, -0.030915469, 0.6843478, -0.37534088, -0.3236053, 1.226843]",2,../data/subset-copy/eastpac2_goes16_2017_331_1900_095.nc
189,"[0.52559745, 0.26624158, 0.13722196, -0.21246095, 0.7162343, 0.21689253, 0.45234242, -0.76358235, 0.058850326, -0.0053750128]",3,../data/subset-copy/eastpac2_goes16_2017_331_1900_036.nc
190,"[-0.13953522, -0.61714566, 1.3722451, 0.9820637, -1.3238863, 1.413213, -1.3372722, -0.50298816, -2.3689387, 1.1391914]",2,../data/subset-copy/eastpac2_goes16_2017_331_1900_231.nc
191,"[0.2713618, 0.37207663, 0.46495417, 0.5842838, -0.7776475, 0.6831678, -0.32302946, -0.5745597, -0.8005791, 0.3646934]",2,../data/subset-copy/eastpac2_goes16_2017_331_1900_236.nc
192,"[0.67574495, -1.2237152, 1.6117461, 1.0035477, -2.8616128, 1.222377, -0.6801924, -1.3852433, -0.055615276, 1.8800641]",3,../data/subset-copy/eastpac2_goes16_2017_331_1900_040.nc
193,"[-0.6605041, -2.137896, 1.7643595, -0.2776026, 0.34210777, 1.6186448, -0.71651274, -2.0293784, 1.7508576, 0.29094946]",3,../data/subset-copy/eastpac2_goes16_2017_331_1900_011.nc
194,"[2.0938277, -1.8731683, 2.2569594, 0.08659236, 1.3984075, 1.7454383, -0.9932794, -1.5059361, -0.76082855, -1.4503666]",3,../data/subset-copy/eastpac2_goes16_2017_331_1900_058.nc
195,"[0.04546219, -1.8797861, 1.7597654, -0.47181612, 1.7930703, 1.569082, -0.5744037, -1.8824986, 0.8415822, -0.5528797]",3,../data/subset-copy/eastpac2_goes16_2017_331_1900_239.nc
196,"[0.31171513, 1.5878431, -0.5842826, 0.1136301, 0.24084389, -0.74934006, -0.6004364, 1.9154108, -2.400735, -2.1982467]",0,../data/subset-copy/eastpac2_goes16_2017_331_1900_002.nc
197,"[-0.52237296, -1.3675482, 1.7183034, 0.8403991, -0.79182804, 1.8985095, -1.3310478, -0.7306792, 0.77024424, -1.407285]",3,../data/subset-copy/eastpac2_goes16_2017_331_1900_078.nc
198,"[-1.4492729, -1.1296802, 1.1175414, -0.49009824, 2.0112782, 1.3397386, -0.49717903, -0.6389279, 0.86110777, -1.6018109]",3,../data/subset-copy/eastpac2_goes16_2017_331_1900_093.nc
199,"[0.5609856, 1.3204263, -0.5879812, 0.29068786, -1.636005, -0.519843, 0.20352906, -0.29131687, -0.91388845, 1.001815]",2,../data/subset-copy/eastpac2_goes16_2017_331_1900_168.nc
200,"[0.23466405, 1.0522597, -0.34062305, 0.2701171, -1.1102543, -0.18456072, 0.2123728, -0.37280506, -0.70551276, 0.8037554]",2,../data/subset-copy/eastpac2_goes16_2017_331_1900_153.nc
201,"[-0.69172627, 0.16627008, -0.9768752, -0.9582294, 0.05113572, -0.8946594, 1.314436, 0.09776002, 0.7811071, 1.7671808]",0,../data/subset-copy/eastpac2_goes16_2017_331_1900_154.nc
202,"[-0.06128764, 0.48189804, -1.2685139, -1.1670779, 0.06634122, -1.6610055, 1.2076142, 1.2054434, 1.0163223, 0.48728222]",0,../data/subset-copy/eastpac2_goes16_2017_331_1900_219.nc
203,"[-0.5314286, 0.5804211, -0.01315178, 0.58255905, -1.9911848, 0.25795326, -0.17938286, -0.72957957, -0.84140503, 2.2624156]",3,../data/subset-copy/eastpac2_goes16_2017_331_1900_012.nc
204,"[0.7892233, -0.30089062, -0.69558465, -1.0571245, 0.9109425, -0.91979563, 1.6284263, -0.24448554, 1.1131804, 1.4961636]",0,../data/subset-copy/eastpac2_goes16_2017_331_1900_250.nc
205,"[2.0748816, 0.27896264, 0.18951494, -0.2474706, 2.1627374, -0.0001731664, 0.16832054, 0.14694744, -1.1697922, -1.4560206]",3,../data/subset-copy/eastpac2_goes16_2017_331_1900_026.nc
206,"[0.75551474, 0.21539941, -0.7933383, -0.9486161, 0.43315634, -1.0716918, 1.321953, 0.12500289, 0.69829464, 1.3397021]",0,../data/subset-copy/eastpac2_goes16_2017_331_1900_041.nc
207,"[0.47840172, 0.58986634, -0.084568314, -0.0727593, 0.8456369, 0.09865595, 0.3562869, -0.017663956, -0.41746968, -0.5279094]",3,../data/subset-copy/eastpac2_goes16_2017_331_1900_043.nc
208,"[0.08532828, -1.2921091, 1.8533931, 1.178507, -0.7135377, 2.0212777, -1.5398295, -0.52570224, 0.4449764, -2.5190563]",4,../data/subset-copy/eastpac2_goes16_2017_331_1900_031.nc
209,"[1.1753845, 1.280751, -0.6105784, 0.17092453, -1.5280162, -0.7066009, 0.3384421, -0.24625833, -1.2666581, 1.0913621]",0,../data/subset-copy/eastpac2_goes16_2017_331_1900_248.nc
210,"[-2.4609036, -1.884694, 2.0293832, 0.9808777, -0.48722696, 2.5497897, -2.1197467, -0.14654376, -0.12089236, -1.2065223]",3,../data/subset-copy/eastpac2_goes16_2017_331_1900_256.nc
211,"[-0.4377837, 0.22539881, 0.34285262, 0.13904668, 0.9939343, 0.80291426, -0.20991623, -0.40666956, -0.5135021, -0.60259724]",2,../data/subset-copy/eastpac2_goes16_2017_331_1900_228.nc
212,"[-0.033853583, 0.4222844, -1.1995295, -1.1415052, 0.14621097, -1.5648515, 1.2548649, 1.0488113, 1.0324584, 0.5921972]",0,../data/subset-copy/eastpac2_goes16_2017_331_1900_157.nc
213,"[1.481029, 0.58781624, -0.056477867, -0.27248606, 1.8112017, 0.020836204, 0.20339479, 0.18024942, -0.199326, -0.98844993]",2,../data/subset-copy/eastpac2_goes16_2017_331_1900_198.nc
214,"[0.22146627, -2.9297724, 2.8923402, 0.46563286, -0.8607608, 2.4067883, -1.7877626, -2.1350782, 0.6928923, 0.38031682]",3,../data/subset-copy/eastpac2_goes16_2017_331_1900_055.nc
215,"[-0.38025182, 0.27378473, -0.6346147, -0.75003904, 1.0048854, -0.44190642, 0.9765057, 0.19490847, 0.8898964, 0.36575967]",0,../data/subset-copy/eastpac2_goes16_2017_331_1900_024.nc
216,"[1.3824854, -0.8660214, 1.2254852, -0.08274782, 0.33308917, 0.96231925, -0.11619139, -2.1499832, 0.4541443, 0.75285053]",2,../data/subset-copy/eastpac2_goes16_2017_331_1900_252.nc
217,"[-0.9234986, -0.8938885, 0.29478082, -0.7307128, 0.31606132, 0.25328004, 0.8170066, -0.9250978, 0.3902365, 2.687042]",3,../data/subset-copy/eastpac2_goes16_2017_331_1900_224.nc
218,"[-1.0048599, -0.9544077, 1.1896378, 0.34852356, -1.7529455, 1.188343, -0.6583275, -1.515703, -0.39388448, 3.2626822]",3,../data/subset-copy/eastpac2_goes16_2017_331_1900_045.nc
219,"[0.6532559, -0.49215114, -0.17061296, -0.7293382, 0.92693174, -0.17344648, 1.050444, -0.85729146, 0.8801182, 1.6271138]",3,../data/subset-copy/eastpac2_goes16_2017_331_1900_005.nc
220,"[0.21694213, 1.0418341, -0.6062125, -0.38777038, 0.27252358, -0.4991527, 0.38553065, 0.28896323, 0.053476416, -0.038932905]",0,../data/subset-copy/eastpac2_goes16_2017_331_1900_186.nc
221,"[2.0147843, -1.3373866, 0.88868344, -0.98470855, 2.247072, 0.24485947, 0.7221991, -1.3376526, 1.7580131, -1.2642126]",3,../data/subset-copy/eastpac2_goes16_2017_331_1900_052.nc
222,"[0.593413, 0.5428249, -0.8132169, -0.7006256, -0.06055087, -0.8452928, 1.0766737, -0.21321625, 0.2525316, 1.5942417]",0,../data/subset-copy/eastpac2_goes16_2017_331_1900_187.nc
223,"[0.23337582, 0.85227, 0.12820703, 0.9380893, -0.30376446, 0.4183693, -0.59095794, 0.3567995, -1.9576644, -0.58880377]",2,../data/subset-copy/eastpac2_goes16_2017_331_1900_166.nc
224,"[-1.6431208, -0.7967961, 1.2861015, 1.1823725, -1.6427242, 1.6414962, -1.5052345, -0.119904906, -1.5991367, 0.8153689]",3,../data/subset-copy/eastpac2_goes16_2017_331_1900_179.nc
225,"[-0.21161997, -0.66839564, 1.1480938, 0.09183575, 1.8858144, 1.4336168, -0.8792607, -0.4801885, -0.817026, -1.9979872]",3,../data/subset-copy/eastpac2_goes16_2017_331_1900_129.nc
226,"[1.6703758, 0.45733687, -0.67528486, -0.76544356, 0.49730307, -1.1037706, 1.0503308, 0.3422669, 0.18438658, 0.68413293]",0,../data/subset-copy/eastpac2_goes16_2017_331_1900_190.nc
227,"[-3.1652894, 0.4467576, -0.2976448, -0.24269342, 1.4143485, 0.6462448, -0.12616426, 0.42675522, 1.0352372, -1.6576921]",8,../data/subset-copy/eastpac2_goes16_2017_331_1900_008.nc
228,"[1.124363, 0.8633343, -0.10386164, 0.33829117, -0.16888338, -0.024714306, 0.2944878, -0.39181066, -0.4085617, 0.11967383]",2,../data/subset-copy/eastpac2_goes16_2017_331_1900_136.nc
229,"[0.53269434, 0.034793794, -0.45887828, -0.7827586, 1.1679798, -0.41336223, 1.2287029, -0.44853678, 0.8144519, 1.0626608]",2,../data/subset-copy/eastpac2_goes16_2017_331_1900_223.nc
230,"[1.1345158, -0.004493773, -0.4325546, -0.68521833, 1.0550103, -0.39200786, 1.1040372, -0.511344, 0.7529399, 0.9871942]",0,../data/subset-copy/eastpac2_goes16_2017_331_1900_207.nc
231,"[0.38342708, 0.24496582, 0.37412527, 0.2802207, 0.5311277, 0.38686827, -0.20235413, 0.32914677, -2.9318175, 0.17378658]",3,../data/subset-copy/eastpac2_goes16_2017_331_1900_100.nc
232,"[-0.2471326, 0.65347517, 0.3393966, 1.6712066, -1.8038725, 0.778594, -1.0049052, 0.51528037, -1.8453661, -0.44284162]",2,../data/subset-copy/eastpac2_goes16_2017_331_1900_247.nc
233,"[-0.3815909, 0.48628047, -0.8397076, -0.90364, 0.7353786, -0.9087398, 0.92000246, 0.84174335, 0.91752476, 0.019674763]",0,../data/subset-copy/eastpac2_goes16_2017_331_1900_202.nc
234,"[-0.8610802, -1.3611879, 1.8698783, 1.6396896, -1.732756, 2.1475995, -1.8931768, -0.26110357, -0.6240785, -0.9625076]",3,../data/subset-copy/eastpac2_goes16_2017_331_1900_254.nc
235,"[1.958133, 1.2384899, -0.5106559, 0.08800687, -0.9164159, -0.81528246, 0.44384053, 0.083226174, -1.276484, 0.45415956]",0,../data/subset-copy/eastpac2_goes16_2017_331_1900_004.nc
236,"[-0.49017105, 0.2510805, 0.39559767, 0.9137607, -0.9829731, 0.8875723, -0.39349318, -0.30987546, 0.10302207, -0.25711358]",3,../data/subset-copy/eastpac2_goes16_2017_331_1900_086.nc
237,"[0.5063627, -1.4429778, 1.8159318, 0.52281064, -0.22115421, 1.7127483, -1.0963206, -1.3468902, 0.12315627, -0.43902972]",3,../data/subset-copy/eastpac2_goes16_2017_331_1900_240.nc
238,"[0.32875434, -2.8596025, 2.9990864, 0.7394884, -0.18478394, 2.6879463, -2.1670935, -1.4702612, 0.019768342, -1.1672188]",4,../data/subset-copy/eastpac2_goes16_2017_331_1900_030.nc
239,"[0.9879038, 0.25125962, -0.25201553, -0.46381634, 1.3275014, -0.08684838, 0.58802295, -0.65065384, 0.36703503, 0.6115277]",3,../data/subset-copy/eastpac2_goes16_2017_331_1900_021.nc
240,"[-0.27114522, 0.18479955, -0.68660915, -0.90155655, 1.5312467, -0.6454166, 0.9650418, 0.6853006, 1.3599864, -0.40669528]",0,../data/subset-copy/eastpac2_goes16_2017_331_1900_188.nc
241,"[1.7662475, -0.23794991, 0.63929987, -0.16828269, 0.7487833, 0.47920084, 0.19035843, -1.5866619, 0.22553775, -0.010863528]",2,../data/subset-copy/eastpac2_goes16_2017_331_1900_253.nc
242,"[0.9663897, 0.9372734, -0.69532096, -0.5569065, 0.35614416, -0.8609388, 0.5130742, 0.5828835, -0.053978562, -0.09218493]",0,../data/subset-copy/eastpac2_goes16_2017_331_1900_170.nc
243,"[2.0705945, -0.44664633, 1.3249755, 0.95067626, -0.31316662, 1.0821245, -0.6334707, -1.1389207, -1.3304882, -0.6128551]",2,../data/subset-copy/eastpac2_goes16_2017_331_1900_210.nc
244,"[0.6004732, -2.8203135, 2.8078809, 0.32086885, 0.8107649, 2.4860988, -1.8397601, -1.7285308, 0.3370577, -1.3913699]",3,../data/subset-copy/eastpac2_goes16_2017_331_1900_178.nc
245,"[1.743566, -0.8459815, 0.028108895, -0.94820756, 1.262635, -0.4146892, 1.2432616, -0.85935414, 0.8329163, 1.407652]",3,../data/subset-copy/eastpac2_goes16_2017_331_1900_013.nc
246,"[-1.4834619, 0.5346412, -0.08768428, 0.21674944, -0.8289436, 0.34905967, -0.27672982, -0.5169905, -0.5053444, 1.6006631]",2,../data/subset-copy/eastpac2_goes16_2017_331_1900_105.nc
247,"[1.6548948, 0.8262567, -0.40273243, -0.34271517, 0.49490207, -0.597579, 0.5660725, 0.25485328, -0.54621327, -0.03571631]",3,../data/subset-copy/eastpac2_goes16_2017_331_1900_160.nc
248,"[1.0299652, 0.15257889, -0.67663, -0.8207868, 0.49915794, -0.8628522, 1.3211864, -0.20114993, 0.4743412, 1.4964938]",0,../data/subset-copy/eastpac2_goes16_2017_331_1900_222.nc
249,"[1.6740129, -1.4231033, 1.5447547, -0.43505347, 0.4575308, 0.8506886, -0.2540264, -1.9769865, -0.5189181, 1.6459323]",3,../data/subset-copy/eastpac2_goes16_2017_331_1900_087.nc
250,"[1.0895026, 0.8081951, -0.7792342, -0.729295, 0.17264259, -1.1253525, 0.6389943, 0.7180464, -0.09980096, 0.4383008]",7,../data/subset-copy/eastpac2_goes16_2017_331_1900_050.nc
251,"[0.52996475, 0.2086409, -0.90546775, -1.0012363, 0.3258837, -1.1944702, 1.3934009, 0.2542508, 0.8094425, 1.2984934]",0,../data/subset-copy/eastpac2_goes16_2017_331_1900_204.nc
252,"[-0.6656286, 0.6211899, 0.040717542, 0.3038249, 1.0288832, 0.543998, -0.34532255, 0.40962538, -1.190683, -1.4303677]",3,../data/subset-copy/eastpac2_goes16_2017_331_1900_111.nc
253,"[1.2724905, 0.3059068, 0.14225513, -0.14158489, 1.633929, 0.10947748, 0.1845591, -0.009977758, -1.255378, -0.9615346]",3,../data/subset-copy/eastpac2_goes16_2017_331_1900_070.nc
254,"[-1.3468816, 1.200593, -0.6938932, 0.15782337, -1.570939, -0.30368087, 0.036917835, -0.16652772, 0.3073184, 0.80198514]",0,../data/subset-copy/eastpac2_goes16_2017_331_1900_206.nc
255,"[0.43832362, -1.4132472, 1.9747255, 1.2400535, -1.7555481, 1.7738446, -1.5517178, -0.86593604, -1.7513463, 0.7390628]",2,../data/subset-copy/eastpac2_goes16_2017_331_1900_242.nc
